name,operatingTime,popularity,releases,cbo,dit,lcom_as,loc
java-design-patterns,8,76836,0,3,6,0,58582
advanced-java,4,65445,1,2,6,0,58582
elasticsearch,12,61176,96,4,176,0,3414311
Java,6,47796,0,2,176,0,3461598
guava,8,45727,35,2,176,0,3920813
lottie-android,6,33205,43,2,176,0,3949806
AndroidUtilCode,6,31371,116,2,176,0,4022532
zxing,11,30111,28,2,176,0,4097331
dbeaver,7,28369,159,2,176,0,4840264
JCSprout,5,26819,0,2,176,0,4848033
netty,12,29932,0,2,176,0,5412923
spring-boot-examples,6,28012,0,2,176,0,5418505
druid,11,26033,45,2,176,0,6023290
butterknife,9,25679,0,2,176,0,6036787
miaosha,4,25302,0,2,176,0,6052176
fastjson,11,24968,84,2,176,0,6395727
fastjson,11,24968,84,2,176,0,6395727
vhr,4,24858,0,2,176,0,6401233
selenium,9,24612,76,2,176,0,6563767
EventBus,10,24106,7,2,176,0,6572824
nacos,4,23950,47,2,176,0,6774354
SpringAll,4,24273,0,2,176,0,6785376
toBeTopJavaer,4,23859,0,2,176,0,6785376
kafka,11,23091,0,2,176,0,7526023
Hystrix,10,22930,79,2,176,0,7634347
xxl-job,7,22535,31,2,176,0,7650682
NewPipe,7,20956,121,2,176,0,7720533
libgdx,10,20486,9,2,176,0,8227150
skywalking,7,20239,53,1,176,0,8343968
redisson,8,19819,112,1,176,0,8585099
ExoPlayer,8,19819,20,2,176,0,8977254
litemall,4,17376,8,2,176,0,9120161
shardingsphere,6,17335,49,2,176,0,9435460
cat,10,17172,3,2,176,0,9608693
Android-Universal-Image-Loader,11,16798,0,2,176,0,9621639
zheng,6,16348,0,2,176,0,9687816
Mindustry,5,15996,140,2,176,0,9687816
Android-CleanArchitecture,8,15205,0,2,176,0,9691737
disruptor,10,15178,13,2,176,0,9714183
Apktool,10,14842,15,2,176,0,9736050
SpringBoot-Learning,6,14718,0,2,176,0,9740764
SpringAll,4,24273,0,2,176,0,9751786
EventBus,10,24106,7,2,176,0,9760843
canal,9,24086,25,2,176,0,9937288
nacos,4,23950,47,2,176,0,10138818
hutool,8,23913,121,2,176,0,10353187
toBeTopJavaer,4,23859,0,2,176,0,10353187
SmartRefreshLayout,5,23812,10,2,176,0,10388531
spring-cloud-alibaba,5,23639,30,2,176,0,10414114
halo,4,23580,87,2,176,0,10455084
BaseRecyclerViewAdapterHelper,6,23119,193,2,176,0,10461986
kafka,11,23091,0,2,176,0,11202633
Hystrix,10,22930,79,2,176,0,11310957
seata,4,22821,33,2,911,0,11625110
Signal-Android,11,22793,0,2,911,0,12038286
xxl-job,7,22535,31,2,911,0,12054621
gson,7,21379,4,2,911,0,12109087
NewPipe,7,20956,121,2,911,0,12178938
Telegram,9,20731,75,2,1456,0,13752653
libgdx,10,20486,9,2,1456,0,14259270
skywalking,7,20239,53,2,1456,0,14376088
skywalking,7,20239,53,2,1456,0,14376088
quarkus,4,10693,190,2,1456,0,15385564
android-async-http,11,10644,3,2,1456,0,15399592
webmagic,9,10531,21,2,1456,0,15415337
mit-deep-learning-book-pdf,5,10521,3,2,1456,0,15415339
interview,8,10519,0,2,1456,0,15467333
ImmersionBar,5,10504,0,2,1456,0,15481091
Sa-Token,2,10291,25,2,1456,0,15511340
MVPArms,6,10188,25,2,1456,0,15522197
dex2jar,7,10176,6,2,1456,0,15598387
algorithm-base,1,10139,0,2,1456,0,15598387
rocketmq,6,18087,7,2,1456,0,15893654
FizzBuzzEnterpriseEdition,10,17959,0,2,1456,0,15895144
GSYVideoPlayer,6,17807,40,2,1456,0,15949713
mybatis-3,9,17708,38,2,1456,0,16047214
graal,6,17472,32,2,1456,0,18320722
leetcode,4,17425,19,2,1456,0,18326318
litemall,4,17376,8,2,1456,0,18469225
shardingsphere,6,17335,49,2,1456,0,18784524
HikariCP,9,17265,0,2,1456,0,18804200
cat,10,17172,3,2,1456,0,18977433
SpringCloudLearning,5,16880,0,2,1456,0,18979338
fresco,7,16856,45,2,1456,0,19105776
Android-Universal-Image-Loader,11,16798,0,2,1456,0,19118722
tinker,6,16543,51,2,1456,0,19189996
zheng,6,16348,0,2,1456,0,19256173
Mindustry,5,15996,140,2,1456,0,19256173
java8-tutorial,8,15939,0,2,1456,0,19260018
termux-app,7,15811,89,2,1456,0,19305108
zipkin,10,15659,67,2,1456,0,19305108
Android-CleanArchitecture,8,15205,0,2,1456,0,19309029
Signal-Server,9,7823,0,2,1456,0,19369652
react-native-image-picker,7,7733,108,2,1456,0,19371165
shardingsphere-elasticjob,7,7686,27,2,1456,0,19410862
metrics,12,7623,92,2,1456,0,19454665
UltimateAndroidReference,5,7565,0,2,1456,0,19454705
languagetool,9,7548,0,2,1456,0,19793798
dataease,1,7361,35,2,1456,0,19877326
hellocharts-android,8,7344,14,2,1456,0,19896192
vjtools,4,7325,9,2,1456,0,19929742
EhViewer,8,7266,97,2,1456,0,20008579
presto,10,13912,0,2,1456,0,21171307
QMUI_Android,5,13784,35,2,1456,0,21277189
APIJSON,6,13767,89,2,1456,0,21297580
JustAuth,3,13756,45,2,1456,0,21306834
VirtualXposed,5,13680,50,2,1456,0,21388216
keycloak,9,13563,25,2,1456,0,22280567
Material-Animations,7,13558,0,2,1456,0,22282456
mybatis-plus,6,13520,22,2,1456,0,22316302
Algorithms,5,13492,0,2,1456,0,22375310
openapi-generator,4,13469,49,2,1456,0,22700372
logger,7,13401,16,2,1456,0,22701805
mockito,10,13302,191,2,1456,0,22788178
bytecode-viewer,8,13259,58,2,1456,0,22822669
Android-PickerView,8,13181,0,2,1456,0,22831041
Arduino,12,13172,37,2,1456,0,22879450
vert.x,11,13146,0,2,1456,0,23139362
Luban,6,13067,6,2,1456,0,23141306
antlr4,12,12962,27,2,1456,0,23217497
hadoop,8,12934,0,2,1456,0,26079968
flink-learning,3,12716,0,2,1456,0,26097499
pulsar,6,11588,59,2,1456,0,26873215
eureka,10,11476,142,2,1456,0,26930844
mall-learning,3,11368,0,2,1456,0,26973596
Mybatis-PageHelper,8,11340,11,2,1456,0,26986906
realm-java,10,11320,0,2,1456,0,27193155
uCrop,6,11318,15,2,1456,0,27201541
spring-boot-admin,8,11182,85,2,1456,0,27223622
androidannotations,10,11157,0,2,1456,0,27275695
SlidingMenu,10,11153,0,2,1456,0,27281478
AndroidViewAnimations,8,12185,9,2,1456,0,27283075
zuul,9,12174,5,2,1456,0,27316630
jib,4,12153,141,2,1456,0,27380924
banner,6,12130,0,2,1456,0,27385832
druid,10,12050,50,2,1456,0,28402724
ip2region,7,12046,0,2,1456,0,28407215
DataX,4,11984,1,2,1456,0,28514731
spring-analysis,6,11975,0,2,1456,0,28515404
Auto.js,5,11902,0,2,1456,0,28602046
PictureSelector,5,11894,111,2,1456,0,28673311
piggymetrics,7,11883,2,2,1456,0,28676718
jd-gui,7,11649,18,2,1456,0,28710151
VasSonic,5,11588,10,2,1456,0,28723642
pulsar,6,11588,59,2,1456,0,29499358
eureka,10,11476,142,2,1456,0,29556987
lombok,13,11470,3,2,1456,0,29556987
guice,8,11455,15,2,1456,0,29691307
mall-learning,3,11368,0,2,1456,0,29734059
Mybatis-PageHelper,8,11340,11,2,1456,0,29747369
realm-java,10,11320,0,2,1456,0,29953618
uCrop,6,11318,15,2,1456,0,29962004
spring-boot-admin,8,11182,85,2,1456,0,29984085
androidannotations,10,11157,0,2,1456,0,30036158
SlidingMenu,10,11153,0,2,1456,0,30041941
PermissionsDispatcher,7,11037,40,2,1456,0,30046757
source-code-hunter,3,10891,0,2,1456,0,30046757
vlayout,5,10832,34,2,1456,0,30071983
zookeeper,13,10814,0,2,1456,0,30281024
fullstack-tutorial,4,10755,0,2,1456,0,30281024
Grasscutter,0,10740,2,2,1456,0,30281024
FlycoTabLayout,7,10708,4,2,1456,0,30286108
quarkus,4,10693,190,2,1456,0,31295584
jedis,12,10672,69,2,1456,0,31408116
android-async-http,11,10644,3,2,1456,0,31422144
FileDownloader,7,10626,65,2,1456,0,31447467
webmagic,9,10531,21,2,1456,0,31463212
mit-deep-learning-book-pdf,5,10521,3,2,1456,0,31463214
interview,8,10519,0,2,1456,0,31515208
ImmersionBar,5,10504,0,2,1456,0,31528966
okhttp-OkGo,6,10445,14,2,1456,0,31553433
JiaoZiVideoPlayer,6,10422,78,2,1456,0,31561853
neo4j,10,10418,72,2,1456,0,32533807
RxPermissions,7,10367,11,2,1456,0,32535499
Java,7,10305,0,2,1456,0,32555907
Sa-Token,2,10291,25,2,1456,0,32586156
CtCI-6th-Edition,7,10223,0,2,1456,0,32626412
SmarterStreaming,6,10205,0,2,1456,0,32645408
ViewPagerIndicator,11,10200,0,2,1456,0,32650800
MVPArms,6,10188,25,2,1456,0,32661657
dex2jar,7,10176,6,2,1456,0,32737847
algorithm-base,1,10139,0,2,1456,0,32737847
platform_frameworks_base,14,10118,0,2,1456,0,32737847
grpc-java,8,10036,115,2,1456,0,33108854
zaproxy,7,9841,282,2,1456,0,33485773
javapoet,9,9806,0,2,1456,0,33499203
Fragmentation,6,9732,30,2,1456,0,33515520
jsoup,13,9717,8,2,1456,0,33566617
glide-transformations,7,9704,0,2,1456,0,33892328
clojure,12,9665,0,2,1456,0,33965985
AVLoadingIndicatorView,7,9654,1,2,1456,0,33970007
android-Ultra-Pull-To-Refresh,8,9642,8,2,1456,0,33979840
onedev,4,9633,187,2,1456,0,34410524
Android-ObservableScrollView,8,9616,0,2,1456,0,34432830
react-native-camera,7,9580,144,2,1456,0,34432830
easypermissions,7,9553,12,2,1456,0,34435893
paascloud-master,4,9448,0,2,1456,0,34464599
AndroidSlidingUpPanel,9,9434,8,2,1456,0,34468338
PocketHub,11,9421,1,2,1456,0,34481068
spark,11,9361,0,3,5,0,18162
mall-swarm,3,9354,2,2,5,0,17509
DanmakuFlameMaster,9,9341,5,3,14,0,21841
Mycat-Server,8,9322,7,2,14,0.25,196619
Java-WebSocket,12,9314,14,1,14,0,224085
newbee-mall,3,9267,0,1,14,0,231509
android-interview-questions,5,9250,0,1,14,0,231517
MagicIndicator,6,9246,12,1,14,0,240110
android-gif-drawable,9,9184,57,1,14,0,245476
questdb,8,9180,54,1,37,0,780197
spring-boot-api-project-seed,5,9164,4,4,4,0,910
JsBridge,7,9076,0,1,4,0,2760
MaterialDesignLibrary,8,9072,3,2,6,0,8053
OpenRefine,10,8997,37,3,7,0,129439
Activiti,10,8961,34,4,8,0,271346
DSA-Bootcamp-Java,1,8930,0,1,8,0,280955
jvm,4,8917,0,1,8,0,280963
VirtualApp,6,8903,0,1,303,0,360626
storm,11,8895,0,3,20,0.125,98665
StatusBarUtil,6,8780,0,1,20,0,100622
Android-PullToRefresh,11,8756,0,1,20,0,106944
VirtualAPK,5,8741,4,1,20,0,120548
AndroidNote,6,8713,0,1,2,0,750
dolphinscheduler,3,8705,30,4,7,0,169661
AgentWeb,5,8645,19,2,8,0,190227
CoreNLP,9,8642,10,2,103,0,1090025
testing-samples,8,8621,0,7,3,0,3338
Calligraphy,9,8614,4,2,3,0,5096
jjwt,8,8567,0,2,8,0,14975
Android_Data,7,8544,0,2,8,0,15202
cim,4,8532,7,5,19,0,356469
android-gpuimage,10,8496,0,2,19,0,367232
awesome-java-leetcode,5,8441,0,2,19,0,370622
BottomBar,6,8437,4,2,19,0,375840
CalendarView,5,8419,0,4,5,0,21974
COLA,4,8409,9,2,5,0,31897
buck,9,8385,57,1,5,0,31897
junit4,13,8361,13,2,14,0,85661
feign,9,8324,24,2,92,0,135483
Android-SpinKit,6,8288,0,2,92,0,138687
metersphere,2,8287,161,2,92,0,531375
dropwizard,11,8283,129,4,12,0,73176
resilience4j,7,8277,29,2,15,0,154176
tech-interview-for-developer,3,8241,0,2,15,0,155287
quickstart-android,6,8220,0,2,15,0,167420
cryptomator,8,8219,133,2,15,0,192053
MaterialViewPager,7,8205,11,2,15,0,195059
AndResGuard,7,8090,4,2,15,0,206751
atlas,5,8075,7,2,15,0,476508
Android-Debug-Database,6,8052,12,2,15,0,480989
airbyte,2,8012,263,2,15,0,672931
epoxy,6,8008,70,2,18,0,756603
hsweb-framework,6,7908,25,2,18,0,789225
material-theme-jetbrains,7,7900,17,2,18,0,815885
SimianArmy,10,7895,4,2,18,0,846232
HomeMirror,7,7890,0,2,18,0,849250
LitePal,9,7884,0,2,18,0,872076
Jetpack-MVVM-Best-Practice,3,7874,0,2,18,0,878679
hugo,9,7839,0,2,18,0,879411
Signal-Server,9,7823,0,2,18,0,940034
react-native-image-picker,7,7733,108,2,18,0,941547
RxLifecycle,7,7711,22,2,18,0,945881
shardingsphere-elasticjob,7,7686,27,2,18,0,985578
SpringCloud,5,7669,0,2,18,0,990802
tsunami-security-scanner,2,7655,14,2,18,0,1003909
metrics,12,7623,92,2,18,0,1047712
QtScrcpy,3,7615,26,2,18,0,1055241
UltimateAndroidReference,5,7565,0,2,18,0,1055281
languagetool,9,7548,0,2,28,0,1394374
RxJava-Android-Samples,8,7542,0,2,28,0,1399186
cassandra,13,7533,0,2,63,0,2236892
debezium,6,7482,0,2,63,0,2488283
kkFileView,5,7468,10,2,63,0,2508119
litho,5,7429,49,2,63,0,2750461
jna,11,7399,0,2,125,0,2915496
subsampling-scale-image-view,9,7375,21,2,125,0,2923218
dataease,1,7361,35,2,125,0,3006746
otter,9,7357,10,2,125,0,3126387
AndroidPdfViewer,6,7345,0,2,125,0,3132396
hellocharts-android,8,7344,14,2,125,0,3151262
vjtools,4,7325,9,2,125,0,3184812
JsonPath,11,7317,8,2,125,0,3214689
MyBookshelf,4,7302,165,2,125,0,3305625
dagger,10,7296,0,2,125,0,3319604
AndroidAsync,10,7289,0,2,125,0,3352393
checkstyle,9,7286,119,2,125,0,3352393
EhViewer,8,7266,97,2,125,0,3431230
agera,7,7265,16,2,125,0,3450108
Android-Bootstrap,9,7265,5,2,125,0,3468304
sweet-alert-dialog,8,7254,2,2,125,0,3470074
UltimateRecyclerView,7,7237,9,2,125,0,3499494
ShortcutBadger,9,7219,0,2,125,0,3501111
spider-flow,2,7215,2,2,125,0,3516467
TakePhoto,7,7204,15,2,125,0,3520940
supertokens-core,2,7165,16,2,125,0,3596248
sonarqube,11,7161,31,2,125,0,4259608
WeChatLuckyMoney,7,7155,20,2,125,0,4261386
android-classyshark,7,7154,17,2,125,0,4277437
ActionBarSherlock,11,7141,32,2,125,0,4323761
spring-security,10,7103,115,2,125,0,4646985
shenyu,4,7103,7,2,125,0,4807197
MVVMHabit,5,7082,3,2,125,0,4823630
algs4,7,7069,0,2,125,0,4864955
SmartTubeNext,2,7065,79,2,125,0,4947929
swagger-core,11,7055,76,2,125,0,5009959
RePlugin,5,7024,17,2,125,0,5065542
SpringCloud-Learning,6,7011,0,2,125,0,5090730
SmartTabLayout,7,7000,0,2,125,0,5094078
cachecloud,6,6974,6,2,125,0,5184122
Mapper,8,6952,2,2,125,0,5215841
LeetCode,2,6887,0,2,125,0,5221862
ruoyi-vue-pro,1,6885,12,2,125,0,5275318
okhttputils,7,6865,0,2,125,0,5278870
im-server,3,6810,72,2,125,0,5502027
elasticsearch-sql,8,6756,193,2,125,0,5538803
Timber,7,6750,5,2,125,0,5577947
DroidPlugin,7,6744,2,2,129,0,5615432
xmall,5,6732,0,2,129,0,5682169
flyway,10,6725,156,2,129,0,5721083
plantuml,12,6724,14,2,129,0,6065454
VBlog,5,6689,0,2,129,0,6066908
AndroidAutoLayout,7,6688,0,2,129,0,6071130
Paper,6,6688,1,2,129,0,6071402
LSPosed,2,6670,34,2,129,0,6108006
XPopup,4,6665,199,2,129,0,6129604
yudao-cloud,3,6627,0,2,129,0,6186137
closure-compiler,8,6604,0,2,129,0,6738430
angel,5,6596,19,2,129,0,7127060
Shadow,3,6586,5,2,129,0,7165989
gocd,9,6583,72,2,129,0,7695790
FrameworkBenchmarks,9,6573,15,2,129,0,7721843
AndPermission,6,6571,0,2,129,0,7730058
walle,5,6485,1,2,129,0,7738059
react-native-push-notification,7,6469,35,2,129,0,7741640
jmeter,12,6453,0,2,129,0,7979893
AndroidPerformanceMonitor,6,6433,0,2,129,0,7983964
nanohttpd,10,6405,3,2,129,0,7996811
Toasty,5,6393,19,2,129,0,7997659
storm,9,6391,0,2,129,0,8613039
android-floating-action-button,8,6380,0,2,129,0,8614968
RoundedImageView,9,6347,19,2,129,0,8617280
datahub,7,6343,62,2,129,0,8730302
testcontainers-java,7,6335,58,2,129,0,8769910
karate,5,6316,46,2,129,0,8846633
mybatis-generator-gui,6,6308,16,5,4,0.5714286,5801
ion,9,6302,0,2,23,0,22831
react-native-video,7,6302,8,3,3,0,5403
react-native-svg,6,6298,84,2,80,0,30348
tomcat,11,6268,0,2,81,0.19375,674056
processing,9,6247,48,2,28,0,201953
rest-assured,12,6026,0,1,28,0,253982
NumberProgressBar,8,6015,3,1,28,0,254684
name,operatingTime,popularity,releases,cbo,dit,lcom_as,loc
rabbitmq-tutorials,12,6004,0,5,1,0,2458
async-http-client,11,5999,0,4,7,0,61312
JFoenix,7,5985,0,2,12,0,104293
dynamic-load-apk,8,5973,0,2,12,0,109055
spring-cloud-examples,5,5971,0,2,12,0,109692
androidmvp,8,5967,0,2,12,0,110177
doris,5,5940,13,2,16,0,657002
xUtils3,7,5938,9,1,16,0,680287
trino,3,6147,0,1,16,0,680287
SwipeBackLayout,9,6144,0,1,16,0,683267
MaterialEditText,8,6117,19,1,16,0,689766
error-prone,8,6094,23,2,24,0,890636
pentaho-kettle,9,6048,1,2,24,0,2349997
aws-doc-sdk-examples,6,6046,0,1,24,0,2443745
material,8,6039,10,1,24,0,2490533
EffectiveAndroidUI,8,6037,0,1,24,0,2494061
physical-web,8,6029,17,1,24,0,2507330
remusic,6,6029,0,1,24,0,2590922
rest-assured,12,6026,0,1,24,0,2642951
NumberProgressBar,8,6015,3,1,24,0,2643653
rabbitmq-tutorials,12,6004,0,1,24,0,2646111
async-http-client,11,5999,0,1,24,0,2704965
JFoenix,7,5985,0,1,24,0,2747946
dynamic-load-apk,8,5973,0,1,24,0,2752708
spring-cloud-examples,5,5971,0,1,24,0,2753345
androidmvp,8,5967,0,1,24,0,2753830
doris,5,5940,13,1,24,0,3300655
xUtils3,7,5938,9,1,24,0,3323940
netty-socketio,10,5910,4,1,24,0,3334393
Android-skin-support,5,5908,0,1,24,0,3370452
richeditor-android,7,5904,0,1,24,0,3371920
j2objc,8,5893,39,1,24,0,3371920
beam,6,5863,24,2,38,0,4373032
Spring-Cloud-Platform,5,5859,3,2,38,0,4384127
alluxio,10,5856,56,2,68,0,4782765
jsonschema2pojo,9,5839,59,2,68,0,4809169
zeppelin,7,5814,0,2,68,0,5129696
material-calendarview,7,5805,22,2,68,0,5136245
motan,6,5802,19,2,68,0,5207399
BoomMenu,6,5765,0,2,68,0,5221857
FEBS-Shiro,4,5763,0,2,68,0,5230052
springside4,10,5762,3,2,68,0,5253335
MinecraftForge,10,5756,0,2,72,0,5353005
from-java-to-kotlin,5,5749,0,2,72,0,5353073
config,11,5745,0,2,72,0,5376039
InfiniteCycleViewPager,6,5720,2,2,72,0,5382559
springBoot,6,5715,0,2,72,0,5394342
u2020,9,5711,0,2,72,0,5402778
OpenSearch,1,5709,22,2,141,0,7197006
transmittable-thread-local,9,5705,53,2,141,0,7207218
DiskLruCache,10,5703,0,2,141,0,7210761
Java-Tutorial,4,5699,0,2,141,0,7210773
ysoserial,7,5696,1,2,141,0,7217661
blade,7,5690,9,2,141,0,7246482
springfox,10,5690,12,2,141,0,7304247
ssm,6,5672,0,2,141,0,7304918
AndroidPicker,7,5670,52,2,141,0,7329810
grafika,9,5669,1,2,141,0,7346532
junit5,7,5390,57,2,141,0,7475920
SystemBarTint,9,5387,3,2,141,0,7477282
android-job,7,5383,31,2,141,0,7496787
springcloud-learning,3,5355,0,2,141,0,7500263
SwipeRecyclerView,6,5350,0,2,141,0,7520109
dubbo-spring-boot-project,4,5338,13,2,141,0,7523482
gradle-retrolambda,9,5338,37,2,141,0,7524630
useful-java-links,6,5332,0,2,141,0,7534908
XRecyclerView,7,5312,0,2,141,0,7544337
cw-omnibus,10,5289,36,2,141,0,7669350
Leaf,4,5581,0,2,141,0,7671749
aurora-imui,6,5579,42,2,141,0,7703979
smali,10,5577,0,2,141,0,7789167
FlowLayout,7,5563,0,2,141,0,7790671
disconf,8,5530,12,2,141,0,7816524
robolectric,12,5527,86,2,141,0,8126143
StickyListHeaders,10,5523,16,2,141,0,8130018
mosby,7,5496,15,2,141,0,8161237
tcc-transaction,7,5492,5,2,141,0,8198820
freeline,6,5490,22,2,141,0,8208561
wechat,7,5206,0,2,141,0,8269332
android-lifecycle,8,5202,0,2,141,0,8270282
titan,10,5201,0,2,141,0,8398317
ksql,6,5199,8,2,141,0,8762805
otto,10,5196,0,2,141,0,8766162
btrace,8,5191,29,2,141,0,8835800
Dexter,7,5175,33,2,141,0,8839473
byte-buddy,9,5166,254,2,141,0,9196729
wiremock,11,5149,5,2,141,0,9270102
AndroidProject,4,5136,17,2,141,0,9304599
dubbo-spring-boot-project,4,5338,13,2,141,0,9307972
gradle-retrolambda,9,5338,37,2,141,0,9309120
useful-java-links,6,5332,0,2,141,0,9319398
XRecyclerView,7,5312,0,2,141,0,9328827
cw-omnibus,10,5289,36,2,141,0,9453840
scribejava,12,5282,7,2,141,0,9476899
react-native-splash-screen,6,5281,12,2,141,0,9477352
Blurry,7,5276,0,2,141,0,9478425
VitamioBundle,10,5271,0,2,141,0,9489365
twoway-view,9,5259,0,2,141,0,9495905
MagicCamera,6,5257,0,2,141,0,9522753
android-advancedrecyclerview,7,5226,1,2,141,0,9559714
FloatingActionButton,7,5223,14,2,141,0,9564800
zxing-android-embedded,10,5213,9,2,141,0,9574133
TapTargetView,6,5209,23,2,141,0,9577635
quartz,6,5209,2,2,141,0,9656070
Side-Menu.Android,7,5206,2,2,141,0,9656893
wechat,7,5206,0,2,141,0,9717664
android-lifecycle,8,5202,0,2,141,0,9718614
titan,10,5201,0,2,141,0,9846649
ksql,6,5199,8,2,141,0,10211137
otto,10,5196,0,2,141,0,10214494
btrace,8,5191,29,2,141,0,10284132
Dexter,7,5175,33,2,141,0,10287805
byte-buddy,9,5166,254,2,141,0,10645061
wiremock,11,5149,5,2,141,0,10718434
AndroidProject,4,5136,17,2,141,0,10752931
Android-ZBLibrary,7,5125,25,2,141,0,10780016
jOOQ,11,5106,0,2,141,0,11162551
itstack-demo-design,2,5104,0,2,141,0,11169797
hibernate-orm,12,5103,16,2,141,0,12524234
KnowStreaming,2,5078,16,2,141,0,12563310
jvm-sandbox,5,5071,12,2,141,0,12588843
lanproxy,6,5070,1,2,141,0,12593857
ctci,9,5059,0,2,141,0,12615316
AndroidVideoCache,7,5045,20,2,141,0,12621291
shimmer-android,7,5045,5,2,141,0,12622745
InstaMaterial,8,5022,1,2,141,0,12626731
UltraViewPager,5,5021,10,2,141,0,12629604
Small,7,5014,25,2,141,0,12642841
Aria,6,5013,26,2,141,0,12722757
hazelcast,10,5009,173,2,580,0,14529329
android-common,10,5007,1,2,580,0,14541686
vavr,8,4997,17,2,580,0,14661829
socket.io-client-java,9,4994,5,2,580,0,14672270
spring-mvc-showcase,11,4988,0,2,580,0,14674637
GmsCore,8,4986,26,2,580,0,14736029
Discovery,4,4986,118,2,580,0,14778733
generator,9,4984,10,2,580,0,14920840
RxJava2-Android-Samples,6,4974,0,2,580,0,14928293
dialogplus,8,4968,9,2,580,0,14930235
gephi,11,4967,17,2,580,0,15153858
RippleEffect,8,4953,0,2,580,0,15154768
android-zxingLibrary,6,4944,0,2,580,0,15158425
GravitySnapHelper,6,4937,14,2,580,0,15159599
NavigationTabBar,6,4926,13,2,580,0,15164053
java-jwt,8,4918,36,2,580,0,15180482
baritone,4,4912,61,2,580,0,15212213
SoloPi,3,4910,8,2,580,0,15315501
google-authenticator,8,4891,0,2,580,0,15322256
folding-cell-android,6,4887,0,2,2,0,1531
LayoutManagerGroup,4,4861,0,2,3,0,5492
Transitions-Everywhere,8,4860,23,2,11,0,22351
smartTable,5,4843,44,2,11,0,49112
joda-time,11,4825,38,2,17,0,221206
EdXposed,3,4817,27,2,17,0,353036
lucida,8,4817,0,2,17,0,394237
BasePopup,6,4817,15,2,17,0,444472
packer-ng-plugin,7,4809,1,2,17,0,447735
conductor,6,4795,308,2,17,0,532303
uid-generator,5,4788,0,2,17,0,533905
JS-Sorting-Algorithm,5,4783,0,2,17,0,534654
AndroidStaggeredGrid,9,4776,7,2,17,0,541778
cameraview,6,4749,0,2,17,0,546994
Android-ConvenientBanner,8,4745,0,2,17,0,548538
opentsdb,12,4726,26,2,17,0,743026
CloudReader,6,4724,25,2,17,0,778036
ActiveAndroid,10,4716,0,2,17,0,783901
cardslib,9,4714,27,2,20,0,839846
lettuce-core,8,4712,101,2,20,0,984498
okdownload,5,4712,8,4,6,0,34830
FastBle,6,4711,9,2,6,0,43244
baseAdapter,7,4689,0,2,6,0,46198
drools,11,4664,0,3,59,0,1322502
google-java-format,7,4656,17,1,59,0,1344940
MaterialDateTimePicker,7,4646,54,1,59,0,1358966
hbase,8,4637,26,2,106,0,2896497
groovy,7,4634,0,2,106,0,2896497
spring-cloud-netflix,8,4629,2,2,106,0,2909516
android-tips-tricks,6,4621,0,2,106,0,2909556
sqlbrite,7,4620,9,2,106,0,2915305
chuck,5,4615,5,2,106,0,2918420
spring-security-oauth,11,4609,0,2,106,0,2982935
sofa-boot,4,4606,55,2,106,0,3028050
v9porn,4,4598,9,2,106,0,3073690
go-lang-idea-plugin,12,4598,21,2,106,0,3157756
spring-data-examples,8,4595,0,2,106,0,3241262
janusgraph,6,4593,21,2,106,0,3402330
SwitchButton,8,4589,0,2,106,0,3405233
SimplifyReader,7,4578,0,2,106,0,3468914
Depth-LIB-Android-,6,4576,0,2,106,0,3475724
JAViewer,6,4570,10,2,106,0,3487007
mapdb,10,4566,0,2,106,0,3524446
springboot-guide,4,4562,0,2,106,0,3527042
gnirehtet,5,4557,11,2,106,0,3535057
PLDroidPlayer,7,4555,42,2,106,0,3545228
PageIndicatorView,6,4550,14,2,106,0,3551922
bottomsheet,7,4542,10,2,106,0,3556329
api-samples,9,4540,0,2,106,0,3561275
android-crop,8,4539,6,2,106,0,3564369
camel,13,4527,0,2,446,0,6488349
Luyten,9,4524,17,1,446,0,6500885
Douya,6,4524,11,1,446,0,6580237
NineOldAndroids,11,4512,0,1,446,0,6593239
orientdb,10,4504,191,1,446,0,7538387
lamp-cloud,4,4489,0,1,446,0,7554910
gpmall,3,4469,0,1,446,0,7570636
bilibili-android-client,6,4463,1,1,446,0,7627778
cglib,8,4461,15,1,446,0,7658971
reactive-streams-jvm,8,4456,0,1,446,0,7685965
hive,13,4453,0,1,446,0,10939535
dexposed,7,4449,0,1,446,0,10944020
quasar,9,4446,18,1,446,0,11039625
FirebaseUI-Android,7,4437,64,1,446,0,11064365
SmoothProgressBar,9,4436,9,1,446,0,11068260
android-times-square,9,4435,0,1,446,0,11072503
AntennaPod,10,4428,47,1,446,0,11161804
CameraView,5,4425,42,1,446,0,11201042
views-widgets-samples,3,4418,0,1,446,0,11213936
bitcoinj,9,4413,1,1,446,0,11330731
DependencyCheck,10,4410,35,1,446,0,11402372
SpringBootVulExploit,2,4408,0,1,446,0,11402848
Spring-Boot-In-Action,3,4406,0,1,446,0,11407741
android-mvp-architecture,5,4385,0,1,446,0,11414965
roncoo-pay,6,4369,0,1,446,0,11452874
javaparser,11,4367,34,1,446,0,11664312
shopping-management-system,7,4365,0,1,446,0,11673997
spring-boot-projects,5,4356,0,1,446,0,11679094
JGrowing,3,4353,0,1,446,0,11679694
android-volley,9,4330,0,1,446,0,11688639
BottomNavigation,6,4327,16,1,446,0,11692577
ribbon,9,4319,41,1,446,0,11731654
thumbnailator,7,4317,0,1,446,0,11763104
crawler4j,11,4316,3,1,446,0,11771987
HMCL,7,4313,181,1,446,0,11869938
GT,6,4306,3,1,446,0,11970560
leet-code,7,4301,0,1,446,0,11974416
BGARefreshLayout-Android,7,4297,4,1,446,0,11984680
reactor-core,7,4281,124,1,446,0,12298371
coursera-android,8,4281,0,1,446,0,12329571
rocketmq-externals,5,4276,0,1,446,0,12347573
ticker,6,4276,9,1,446,0,12350505
ignite,7,4271,0,2,446,0,14523539
web3j,6,4266,98,1,446,0,14588764
reflections,9,4258,3,1,446,0,14597127
ImagePicker,6,4253,5,1,446,0,14603695
Recaf,5,4242,168,1,446,0,14603695
Android-IMSI-Catcher-Detector,9,4242,48,1,446,0,14625045
YCSB,12,4235,55,1,446,0,14666751
linuxdeploy,10,4233,37,1,446,0,14671922
Robust,5,4231,13,1,446,0,14677472
xpay,5,4216,0,1,446,0,14680246
DeepLinkDispatch,7,4215,22,1,446,0,14680246
libsvm,9,4204,0,1,446,0,14680246
pinot,8,4201,16,1,446,0,15274839
android-autofittextview,11,4198,1,1,446,0,15275724
DKVideoPlayer,5,4184,32,1,446,0,15309667
tx-lcn,5,4168,14,1,446,0,15324430
ShineButton,6,4161,2,1,446,0,15326402
JKeyboardPanelSwitch,7,4157,14,1,446,0,15329545
datax-web,3,4149,5,1,446,0,15355526
CoordinatorTabLayout,5,4142,0,1,446,0,15356403
SpringBoot-Shiro-Vue,5,4137,0,1,446,0,15357582
Conversations,8,4128,109,1,446,0,15485212
JSON-java,12,4128,15,1,446,0,15505026
azkaban,10,4128,48,1,446,0,15666092
AndroidWiFiADB,7,4122,8,1,446,0,15668143
BGABanner-Android,8,4120,0,1,446,0,15672078
java-algorithms-implementation,9,4114,0,1,446,0,15724853
dddsample-core,7,4107,0,1,446,0,15732802
mybatis,8,4104,0,1,446,0,15804431
StepView,6,4103,13,1,446,0,15806099
objectbox-java,5,4091,33,1,446,0,15845095
CircleIndicator,8,4086,7,1,446,0,15847958
OpenHub,5,4086,31,1,446,0,15892644
bisq,8,4085,126,1,446,0,16203148
Tangram-Android,5,4085,38,1,446,0,16247005
easy-rules,9,4070,10,1,446,0,16255822
vespa,6,4064,30,1,446,0,17407150
GCViewer,11,4063,5,1,446,0,17443745
jodd,10,3915,37,1,446,0,17493493
runelite,6,3900,0,1,446,0,17795581
hmily,5,3898,0,1,446,0,17843422
BigImageViewer,6,3891,0,1,446,0,17848074
powermock,8,3889,16,1,446,0,17907669
greys-anatomy,10,3883,0,1,446,0,17927642
frontend-maven-plugin,9,3883,0,1,446,0,17933067
hawk,7,3880,22,1,446,0,17934614
incubator-seatunnel,5,3876,37,1,446,0,18004871
ahbottomnavigation,6,3865,14,1,446,0,18009305
react-native-webrtc,7,4025,44,1,446,0,18015369
java-learning,6,4025,0,1,446,0,18034646
IJPay,5,4025,24,1,446,0,18055294
Bolts-Android,8,4009,11,1,446,0,18065076
FloatWindow,5,4000,9,1,446,0,18067700
kafdrop,3,3993,44,1,446,0,18074275
pmd,10,3990,79,1,446,0,18308155
XUI,3,3978,21,1,446,0,18471445
BadgeView,5,3975,5,1,446,0,18474644
ExpandableTextView,8,3969,4,1,446,0,18475560
RxJavaSamples,6,3966,3,1,446,0,18477375
TwinklingRefreshLayout,6,3955,0,1,446,0,18488602
CC,5,3949,0,1,446,0,18496623
Gadgetbridge,7,3947,0,1,446,0,18716699
querydsl,11,3947,34,1,446,0,18896219
AndroidTutorialForBeginners,6,3941,0,1,446,0,18903003
jstorm,9,3939,22,2,446,0,19372631
XCL-Charts,8,3937,0,1,446,0,19417634
JSqlParser,11,3934,29,1,446,0,19479018
javacpp,8,3933,8,1,446,0,19528969
pig,3,3924,22,1,446,0,19561435
epic,5,3924,5,1,446,0,19571026
lwjgl3,10,3919,16,1,446,0,20853790
Aegis,6,3919,45,2,446,0,20884405
armeria,7,3916,205,2,446,0,21280205
android-iconify,9,3915,0,2,446,0,21281845
jodd,10,3915,37,2,446,0,21331593
shiro,13,3907,0,2,446,0,21391924
runelite,6,3900,0,2,446,0,21694012
hmily,5,3898,0,2,446,0,21741853
BigImageViewer,6,3891,0,3,4,0,4652
powermock,8,3889,16,2,7,0,64247
greys-anatomy,10,3883,0,1,7,0,84220
frontend-maven-plugin,9,3883,0,1,7,0,89645
hawk,7,3880,22,1,7,0,91192
incubator-seatunnel,5,3876,37,2,7,0,161449
ahbottomnavigation,6,3865,14,1,7,0,165883
Conductor,6,3856,19,1,7,0,178052
JustTrustMe,8,3841,1,1,7,0,179068
picocli,5,3840,78,2,76,0,325579
mockserver,9,3835,0,2,76,0,448486
spring-authorization-server,2,3834,14,2,76,0,490191
graphhopper,10,3814,38,2,76,0,640047
failsafe,7,3809,0,2,76,0,658854
malmo,6,3807,21,2,76,0,691896
roboguice,10,3805,0,2,76,0,818163
concurrent,4,3803,0,2,76,0,818163
MaterialSearchView,7,3801,6,2,76,0,820672
learning-spark,8,3790,0,2,76,0,824700
ForestBlog,5,3788,0,2,76,0,829182
SmartCropper,5,3782,13,2,76,0,831094
RichText,7,3775,0,2,76,0,840014
traccar,10,3741,39,2,76,0,954687
microservices-platform,3,3741,27,2,76,0,977673
sticky-headers-recyclerview,8,3740,0,2,76,0,979141
java-faker,11,3736,0,2,76,0,991779
CircleProgress,8,3732,0,2,76,0,994404
jitsi,9,3722,7,2,103,0,1355194
GuideView,6,3720,0,2,103,0,1357419
spruce-android,5,3717,3,2,103,0,1357419
NoHttp,7,3715,0,2,103,0,1372954
sodium-fabric,2,3712,14,2,103,0,1398809
tiny-spring,8,3707,0,2,103,0,1401551
Launcher3,5,3707,22,2,103,0,1510496
usb-serial-for-android,9,3707,23,2,103,0,1521576
PowerJob,2,3706,34,2,103,0,1550347
open-location-code,8,3704,5,2,103,0,1554383
opengrok,9,3703,202,2,103,0,1678309
XXPermissions,4,3702,50,2,103,0,1684757
spring-cloud-gateway,6,3699,0,2,103,0,1724548
dragonwell8,3,3693,19,2,103,0,1724548
--,2,3681,0,2,103,0,1766935
spring-boot-starter,7,3676,23,2,103,0,1773424
SuperTextView,6,3675,39,2,103,0,1780793
ASimpleCache,9,3672,0,2,103,0,1784127
MarqueeView,6,3667,0,2,103,0,1785551
QLExpress,5,3658,1,2,103,0,1808707
dubbo-admin,4,3656,4,2,103,0,1826617
interviewGuide,6,3647,0,2,103,0,1826617
dynamic-datasource-spring-boot-starter,4,3646,9,2,103,0,1831263
javassist,9,3645,21,2,103,0,1986438
tech-weekly,4,3643,0,2,103,0,1988124
StylishMusicPlayer,6,3634,0,2,103,0,1998689
andOTP,5,3634,38,2,103,0,2014096
android-common,8,3625,0,2,103,0,2026343
XposedInstaller,10,3624,0,2,103,0,2041814
sofa-rpc,4,3614,48,2,103,0,2165731
incubator-heron,7,3610,56,2,103,0,2296425
emojicon,8,3610,2,2,103,0,2302000
jetcache,5,3589,59,2,103,0,2333482
ExplosionField,7,3585,0,2,103,0,2334083
atmosphere,12,3583,0,2,103,0,2409665
DataMiningAlgorithm,7,3582,0,2,103,0,2432210
blurkit-android,6,3580,3,2,103,0,2433137
DropDownMenu,7,3576,2,2,103,0,2434070
parceler,9,3576,0,2,103,0,2450711
ChatKit,5,3574,1,2,103,0,2458658
android-stackblur,9,3572,0,2,103,0,2460140
Store,6,3569,0,2,103,0,2478585
CustomActivityOnCrash,8,3569,12,2,103,0,2480191
xboot,4,3568,6,2,103,0,2499037
rejoiner,5,3555,3,2,103,0,2505374
micrometer,5,3553,161,2,103,0,2605466
XChange,10,3552,0,2,103,0,2904297
mpush,6,3551,9,2,103,0,2931344
flink-recommandSystem-demo,3,3545,0,2,103,0,2934676
retrolambda,9,3542,0,2,103,0,2943129
RecyclerViewPager,7,3542,10,2,103,0,2948071
floatingsearchview,7,3530,0,2,103,0,2955576
hudi,6,3521,18,2,103,0,3263681
SwipeMenuListView,8,3511,2,2,103,0,3266123
JimuReport,3,3509,4,2,103,0,3266282
ThreeTenABP,7,3504,0,2,103,0,3266497
Geyser,3,3504,0,2,103,0,3335535
bistoury,3,3504,8,2,103,0,3470807
MagicaSakura,6,3501,3,2,103,0,3480959
FlexibleAdapter,7,3496,30,2,103,0,3510109
Skeleton,5,3494,0,2,103,0,3511384
SwipeDelMenuLayout,6,3492,2,2,103,0,3513409
hackpad,7,3492,0,2,103,0,3678996
groupie,6,3462,28,2,103,0,3686147
Play-with-Algorithms,6,3459,0,2,103,0,3696441
openhab1-addons,9,3458,14,2,103,0,3696441
Ehviewer_CN_SXJ,2,3456,41,2,103,0,3785390
DSBridge-Android,5,3451,2,2,103,0,3788531
h2database,7,3448,18,2,103,0,4219061
databus,10,3447,0,2,103,0,4443316
strimzi-kafka-operator,6,3443,104,2,103,0,4652769
AppUpdate,5,3438,3,2,103,0,4658037
liquibase,11,3437,76,2,103,0,4828027
openhab1-addons,9,3458,14,2,103,0,4828027
Ehviewer_CN_SXJ,2,3456,41,2,103,0,4916976
DSBridge-Android,5,3451,2,2,103,0,4920117
h2database,7,3448,18,2,103,0,5350647
databus,10,3447,0,2,103,0,5574902
strimzi-kafka-operator,6,3443,104,2,103,0,5784355
AppUpdate,5,3438,3,2,103,0,5789623
liquibase,11,3437,76,2,103,0,5959613
giffun,3,3435,0,2,103,0,5999568
light-4j,6,3433,150,2,103,0,6100828
jetty.project,11,3431,52,2,103,0,6810288
BackgroundLibrary,4,3429,12,2,103,0,6824204
netty-learning,9,3418,0,2,103,0,6948356
android-butterknife-zelezny,9,3416,8,2,103,0,6951293
SSM,6,3412,10,2,103,0,6971941
android-priority-jobqueue,8,3411,0,2,103,0,6997482
maxwell,7,3404,192,2,103,0,7029747
Terasology,11,3402,69,2,103,0,7238911
Leetcode,6,3400,0,2,103,0,7414348
android-maps-utils,9,3393,25,2,103,0,7439006
undertow,10,3230,0,2,103,0,7716511
android-saripaar,10,3230,3,2,103,0,7725196
TelegramBots,6,3230,74,2,103,0,7752640
drag-sort-listview,10,3214,0,2,103,0,7759925
android-hidden-api,7,3209,1,2,103,0,7760757
Alink,4,3208,19,2,103,0,8446666
jvm-serializers,12,3206,0,2,103,0,8495462
boxing,5,3204,1,2,103,0,8506150
AndroidViewHover,8,3199,4,2,103,0,8507421
typedb,6,3197,86,2,103,0,8619767
ChipsLayoutManager,6,3193,11,2,103,0,8630765
GalleryFinal,7,3192,4,2,103,0,8645281
IDDD_Samples,9,3192,0,2,103,0,8698371
ffmpeg-android-java,8,3188,8,2,103,0,8700846
afinal,10,3179,0,2,103,0,8713808
AndServer,6,3178,0,2,103,0,8735877
jfinal,10,3168,0,2,103,0,8795636
NullAway,5,3168,0,2,103,0,8824878
TextDrawable,8,3168,0,2,103,0,8826191
network-connection-class,7,3167,2,2,103,0,8827303
DDComponentForAndroid,5,3317,4,2,103,0,8829972
nifi,8,3313,0,2,103,0,10125889
ScalingLayout,5,3313,4,2,103,0,10127074
actor-platform,7,3308,97,2,103,0,10377447
Linkage-RecyclerView,3,3306,0,2,103,0,10381595
99-problems,7,3305,0,2,103,0,10385405
novel,3,3296,9,2,103,0,10392548
aviatorscript,11,3292,48,2,103,0,10461741
small-spring,1,3289,0,2,103,0,10479333
library,3,3288,0,2,103,0,10482194
VideoPlayerManager,7,3124,0,2,103,0,10489984
PojavLauncher,2,3120,123,2,103,0,10555846
pixel-dungeon,8,3119,0,2,103,0,10624695
librec,8,3117,3,2,103,0,10681927
citypicker,6,3117,4,2,103,0,10693815
android-adDialog,6,3116,0,2,103,0,10696735
red5-server,9,3116,65,2,103,0,10810810
Highlight,7,3113,0,2,103,0,10812541
Cockroach,5,3110,1,2,103,0,10815431
requery,7,3106,43,2,103,0,10859592
Highlight,7,3113,0,2,103,0,10861323
Cockroach,5,3110,1,2,103,0,10864213
requery,7,3106,43,2,103,0,10908374
ripme,5,3101,126,2,103,0,10946144
Java8InAction,9,3078,0,2,103,0,10952359
RecyclerViewItemAnimators,8,3062,0,2,103,0,10956256
CityPicker,6,3055,2,2,103,0,10958611
RxEasyHttp,5,3053,0,2,103,0,10980002
JCTools,9,3051,16,2,103,0,11041420
android,6,3051,193,2,103,0,11149035
drag-sort-listview,10,3214,0,2,103,0,11156320
android-hidden-api,7,3209,1,2,103,0,11157152
Alink,4,3208,19,2,103,0,11843061
jvm-serializers,12,3206,0,2,103,0,11891857
boxing,5,3204,1,2,103,0,11902545
AndroidViewHover,8,3199,4,2,103,0,11903816
typedb,6,3197,86,2,103,0,12016162
UETool,4,3194,10,2,103,0,12023058
ChipsLayoutManager,6,3193,11,2,103,0,12034056
GalleryFinal,7,3192,4,2,103,0,12048572
IDDD_Samples,9,3192,0,2,103,0,12101662
ffmpeg-android-java,8,3188,8,2,103,0,12104137
ActionBar-PullToRefresh,9,3181,0,2,103,0,12110448
afinal,10,3179,0,2,103,0,12123410
AndServer,6,3178,0,2,103,0,12145479
jfinal,10,3168,0,2,103,0,12205238
GsonFormat,8,3168,4,2,103,0,12216058
NullAway,5,3168,0,2,103,0,12245300
TextDrawable,8,3168,0,2,103,0,12246613
network-connection-class,7,3167,2,2,103,0,12247725
cobar,8,3161,1,2,103,0,12366983
wgcloud,3,3157,12,2,103,0,12378448
jmonkeyengine,8,3155,48,2,103,0,12729647
RxAndroidBle,6,3154,53,2,103,0,12755720
JavaEETest,6,3153,0,2,103,0,12759657
react-native-share,7,3152,91,2,103,0,12762769
immutables,9,3150,8,2,103,0,12871770
BubbleSeekBar,6,3148,12,2,103,0,12875440
igniter,4,3148,33,2,103,0,12886668
jetlinks-community,2,3146,15,2,103,0,12926492
Android-BluetoothKit,7,3146,0,2,3,0,15024
StickerCamera,7,3145,0,2,29,0,41082
MifareClassicTool,9,3140,2,1,29,0,53841
AndEngine,11,3140,0,1,29,0,114694
spring-cloud-kubernetes,6,3138,0,1,29,0,152476
animate,7,3136,0,1,29,0,155450
java-tron,5,3135,68,2,64,0.25,576532
native-navigation,6,3133,0,2,64,0.25,584855
awaitility,12,3127,0,2,64,0.16441441,594532
jvm-tools,10,3124,0,2,64,0,650012
dexcount-gradle-plugin,7,2980,20,2,64,0,655918
SlidingRootNav,5,2979,1,2,64,0,657592
robospice,10,2979,1,2,64,0,685164
sofa-jraft,3,2974,24,2,64,0,685164
allure2,6,2972,53,2,64,0,685164
brigadier,8,2968,3,2,64,0,685164
Nuwa,7,2967,0,2,64,0,685164
initializr,9,2958,12,2,64,0,685164
DeepLearning,9,2955,0,2,64,0,685164
light-task-scheduler,8,2954,29,2,64,0,685164
requery,7,3106,43,2,64,0,729325
ripme,5,3101,126,2,64,0,767095
Java8InAction,9,3078,0,2,64,0,773310
RecyclerViewItemAnimators,8,3062,0,2,64,0,777207
CityPicker,6,3055,2,2,64,0,779562
RxEasyHttp,5,3053,0,2,64,0,800953
JCTools,9,3051,16,2,64,0,862371
android,6,3051,193,2,64,0,969986
sofa-jarslink,4,3048,2,2,64,0,971765
QR-Code-generator,6,3047,3,2,64,0,975269
PRDownloader,5,3045,5,2,64,0,984191
yanxuan-weex-demo,5,3044,0,2,64,0,1001265
flink-cdc-connectors,2,3043,10,2,64,0,1057663
ShapeOfView,4,3039,0,2,64,0,1061527
Crouton,10,3038,8,2,64,0,1064077
leetcode,5,3036,0,2,64,0,1100211
ViewpagerTransition,6,3035,1,2,64,0,1101228
migration,2,3033,0,2,64,0,1101406
MarsDaemon,7,3033,0,2,64,0,1103236
android-viewbadger,11,3029,0,2,64,0,1104238
lombok-intellij-plugin,9,3027,116,2,64,0,1167430
TableView,5,3014,12,2,64,0,1177022
android-process-button,8,3013,1,2,64,0,1178645
DraggablePanel,8,3002,10,2,64,0,1182366
tablesaw,6,2999,79,2,64,0,1270133
Carbon,7,2998,2,2,64,0,1341747
LikeButton,7,2997,14,2,64,0,1343177
react-native-fbsdk,7,2996,22,2,64,0,1345456
yuicompressor,14,2986,1,2,64,0,1357482
MultiImageSelector,7,2985,2,2,64,0,1360047
booksource,6,2985,0,2,64,0,1369062
android-mvp-mvvm-flytour,4,2984,11,2,64,0,1398834
bitcoin-wallet,10,2980,18,2,64,0,1430126
dexcount-gradle-plugin,7,2980,20,2,64,0,1436032
SlidingRootNav,5,2979,1,2,64,0,1437706
robospice,10,2979,1,2,64,0,1465278
sofa-jraft,3,2974,24,2,64,0,1700523
allure2,6,2972,53,2,64,0,1713642
brigadier,8,2968,3,2,64,0,1721286
Nuwa,7,2967,0,2,64,0,1721526
initializr,9,2958,12,2,64,0,1771086
DeepLearning,9,2955,0,2,64,0,1773159
light-task-scheduler,8,2954,29,2,64,0,1857779
AndroidChromium,6,2954,2,2,64,0,2108766
IoT-Technical-Guide,3,2948,0,2,64,0,2118078
openj9,5,2947,33,2,64,0,3205609
jwt-spring-security-demo,6,2936,3,1,64,0,3206556
cropper,9,2930,0,1,64,0,3208428
WebCollector,8,2928,0,1,64,0,3217007
ipscan,11,2927,28,1,64,0,3239081
logging-log4j2,9,2926,0,1,64,0,3535158
blog_demos,5,2925,0,1,64,0,3627292
BannerViewPager,5,2919,51,1,64,0,3633155
GDA-android-reversing-Tool,5,2913,32,1,64,0,3634183
android,8,2909,33,1,64,0,3674062
android-vision,7,2909,0,1,64,0,3684152
AndroidTreeView,7,2904,0,1,64,0,3688183
java-developer-roadmap,3,2903,0,1,64,0,3688191
jersey,10,2902,30,1,64,0,4112499
Ant-Media-Server,5,2898,40,1,64,0,4256965
Sunshine-Version-2,7,2897,0,1,64,0,4260068
RealtimeBlurView,6,2896,0,1,64,0,4261295
android-pathview,7,2895,2,1,64,0,4262603
CountdownView,7,2889,3,1,64,0,4270268
FadingActionBar,9,2887,0,1,64,0,4272470
camunda-bpm-platform,9,2886,0,1,64,0,5258911
BlurView,6,2886,25,1,64,0,5260038
WePush,5,2869,50,1,64,0,5298588
Packages,7,2869,0,1,64,0,5299031
NekoX,2,2864,185,1,1410,0,6840608
FlyRefresh,7,2864,2,1,1410,0,6843757
QNotified,3,2863,28,1,1410,0,6910632
geoserver,11,2859,15,1,1410,0,8071666
PlayerBase,5,2859,18,1,1410,0,8093879
AndroidTVLauncher,6,2859,3,1,1410,0,8095891
IntelliJ-Key-Promoter-X,5,2857,21,1,1410,0,8097834
poi-tl,7,2856,12,1,1410,0,8137385
spotless,7,2856,0,1,1410,0,8182281
AndroidResideMenu,9,2854,7,1,1410,0,8183559
RxJava2Examples,5,2854,0,1,1410,0,8190135
Bastillion,9,2854,17,1,1410,0,8199947
anthelion,7,2853,0,1,1410,0,8264540
Android-Material-Examples,8,2852,0,1,1410,0,8265968
AarogyaSetu_Android,2,2851,0,1,1410,0,8272993
AxonFramework,11,2849,98,1,1410,0,8459895
AdapterDelegates,7,2848,18,1,1410,0,8464358
android-flip,10,2847,0,1,1410,0,8470961
google-services,7,2847,0,1,1410,0,8472913
blueocean-plugin,6,2845,37,1,1410,0,8545038
FastDev4Android,7,2843,4,1,1410,0,8577113
serve,3,2841,13,1,1410,0,8601431
XhsEmoticonsKeyboard,7,2839,7,1,1410,0,8611790
PhotoPicker,7,2836,13,1,1410,0,8616836
curator,8,2836,0,1,1410,0,8706327
spotbugs,6,2835,56,1,1410,0,9049665
CommonDevKnowledge,5,2835,0,1,1410,0,9051363
elasticsearch-jdbc,10,2834,19,1,1410,0,9066936
Android-Skin-Loader,7,2832,0,1,1410,0,9073423
ByteTCC,6,2831,17,1,1410,0,9102114
ReLinker,7,2829,12,1,1410,0,9104351
RxGalleryFinal,6,2824,1,1,1410,0,9119539
ActivityRouter,6,2820,3,1,1410,0,9121184
StickyHeaderListView,6,2819,0,1,1410,0,9125384
My-Blog,3,2817,0,1,1410,0,9130070
android-mvvm-architecture,5,2815,0,1,1410,0,9135465
android-percent-support-lib-sample,7,2815,2,1,1410,0,9135997
android-Camera2Basic,8,2813,0,1,1410,0,9137446
shopizer,10,2813,17,1,1410,0,9236806
android-pdfview,10,2809,0,1,1410,0,9241935
ice,9,2806,3,1,1410,0,9251242